[{"participant":"559193414593@s.whatsapp.net","voting":"✅"},{"participant":"559885292706@s.whatsapp.net","voting":"✅"},{"participant":"559295087234@s.whatsapp.net","voting":"✅"},{"participant":"553898946579@s.whatsapp.net","voting":"✅"},{"participant":"555181554226@s.whatsapp.net","voting":"✅"},{"participant":"553193699721@s.whatsapp.net","voting":"✅"},{"participant":"553194650227@s.whatsapp.net","voting":"✅"},{"participant":"559281153416@s.whatsapp.net","voting":"✅"},{"participant":"555198056847@s.whatsapp.net","voting":"✅"},{"participant":"553598981611@s.whatsapp.net","voting":"✅"},{"participant":"5511986646909@s.whatsapp.net","voting":"✅"},{"participant":"558781124024@s.whatsapp.net","voting":"✅"},{"participant":"557182610065@s.whatsapp.net","voting":"✅"},{"participant":"5521979700086@s.whatsapp.net","voting":"✅"},{"participant":"558994198585@s.whatsapp.net","voting":"✅"},{"participant":"556392777638@s.whatsapp.net","voting":"✅"},{"participant":"558499295069@s.whatsapp.net","voting":"✅"}]