[
  {
    "id": "120363041927560984@g.us",
    "msg": "Olá seja bem vindo(a) ao grupo:#numerodele# \n\n  *Preste atençao nas regras.* \n\n\n1) Seja objetivo (leia e revise com atenção a mensagem antes de enviar).\n2) Não compartilhe links ou aquivo sem ser relacionado ao serviço.\n3) Respeite tudo e todos, e nunca perca sua paciencia aqui, tolerancia 0\n4) Não fale de assuntos diferentes do tema proposto do grupo.\n5) Não chame nenhum adm no privado para suporte, isso é lei se fizer ta fora\n6) Respeite o horário e tenha bom senso nao é 24hrs aqui.\n7) Venceu seu serviço não esta mais ativo, favor sair do grupo so ativos aqui dentro.\n\nObrigado pelo interesse e tenha uma boa estadia."
  },
  {
    "id": "5511949356144-1631723006@g.us",
    "msg": "Olá sou o SKYNERD seja bem vindo(a) ao grupo:#numerodele# \n\n  *Preste atenção nas regras leia o termo.*\n\n*Termo* - https://paste.anasor.com/paste.php?raw&id=18756\n*Regra* - https://paste.anasor.com/paste.php?raw&id=18755\n\n*EVITE MANDE ÁUDIO NO GRUPO, DIGITE OK*\n\n1) Seja objetivo (leia e revise com atenção a mensagem antes de enviar).\n2) Não compartilhe links ou aquivo sem ser relacionado ao serviço.\n3) Respeite tudo e todos, e nunca perca sua paciencia aqui, tolerancia 0\n4) Não fale de assuntos diferentes do tema proposto do grupo.\n5) Não chame nenhum adm no privado para suporte, isso é lei se fizer ta fora\n6) Respeite o horário e tenha bom senso nao é 24hrs aqui.\n7) Venceu seu serviço não esta mais ativo, favor sair do grupo so ativos aqui dentro.\n\n*Obrigado pelo interesse e tenha uma boa estadia.*  \n\n*******************************************************************************************************************"
  },
  {
    "id": "120363043498674616@g.us",
    "msg": "Olá sou o SKYNERD seja bem vindo(a) ao grupo:#numerodele# \n\n  *Preste atençao nas regras*. \n\n*NÃO MANDE ÁUDIO NO GRUPO, DIGITE OK*\n\n1) Seja objetivo (leia e revise com atenção a mensagem antes de enviar).\n2) Não compartilhe links ou aquivo sem ser relacionado ao serviço.\n3) Respeite tudo e todos, e nunca perca sua paciencia aqui, tolerancia 0\n4) Não fale de assuntos diferentes do tema proposto do grupo.\n5) Não chame nenhum adm no privado para suporte, isso é lei se fizer ta fora\n6) Respeite o horário e tenha bom senso nao é 24hrs aqui.\n7) Venceu seu serviço não esta mais ativo, favor sair do grupo so ativos aqui dentro.\n\nObrigado pelo interesse e tenha uma boa estadia."
  },
  {
    "id": "5511949356144-1620359696@g.us",
    "msg": "0"
  },
  {
    "id": "120363041607027300@g.us",
    "msg": "Olá sou o SKYNERD seja bem vindo(a) ao grupo:#numerodele# \n\nPODE POSTAR O QUE QUIZER SO LEMBRA QUE BOM SENSO É REGRA DO GRUPO\n\nGRUPO ABERTO LIVRE PARA ENTAR E SAIR TENHA BOM SENSO E APROVEITE SKYNERD digita /menu"
  },
  {
    "id": "120363038855903734@g.us",
    "msg": "Olá sou o SKYNERD seja bem vindo(a) ao grupo:#numerodele# \n\n  *Preste atenção nas regras leia o termo.*\n\n*Termo* - https://paste.anasor.com/paste.php?raw&id=18756\n*Regra* - https://paste.anasor.com/paste.php?raw&id=18755\n\n*EVITE MANDE ÁUDIO NO GRUPO, DIGITE OK*\n\n1) Seja objetivo (leia e revise com atenção a mensagem antes de enviar).\n2) Não compartilhe links ou aquivo sem ser relacionado ao serviço.\n3) Respeite tudo e todos, e nunca perca sua paciencia aqui, tolerancia 0\n4) Não fale de assuntos diferentes do tema proposto do grupo.\n5) Não chame nenhum adm no privado para suporte, isso é lei se fizer ta fora\n6) Respeite o horário e tenha bom senso nao é 24hrs aqui.\n7) Venceu seu serviço não esta mais ativo, favor sair do grupo so ativos aqui dentro.\n\n*Obrigado pelo interesse e tenha uma boa estadia.*  \n\n*******************************************************************************************************************"
  },
  {
    "id": "120363023525781706@g.us",
    "msg": "Olá sou o SKYNERD seja bem vindo(a) ao grupo:#numerodele# \n\n  *Preste atenção nas regras leia o termo.*\n\n*Termo* - https://paste.anasor.com/paste.php?raw&id=18756\n*Regra* - https://paste.anasor.com/paste.php?raw&id=18755\n\n*EVITE MANDE ÁUDIO NO GRUPO, DIGITE OK*\n\n1) Seja objetivo (leia e revise com atenção a mensagem antes de enviar).\n2) Não compartilhe links ou aquivo sem ser relacionado ao serviço.\n3) Respeite tudo e todos, e nunca perca sua paciencia aqui, tolerancia 0\n4) Não fale de assuntos diferentes do tema proposto do grupo.\n5) Não chame nenhum adm no privado para suporte, isso é lei se fizer ta fora\n6) Respeite o horário e tenha bom senso nao é 24hrs aqui.\n7) Venceu seu serviço não esta mais ativo, favor sair do grupo so ativos aqui dentro.\n\n*Obrigado pelo interesse e tenha uma boa estadia.*  \n\n*******************************************************************************************************************"
  },
  {
    "id": "5511949356144-1619797020@g.us",
    "msg": "Olá sou o SKYNERD seja bem vindo(a) ao grupo:#numerodele# \n\n  *Preste atençao nas regras*. \n\n*NÃO MANDE ÁUDIO NO GRUPO, DIGITE OK*\n\n1) Seja objetivo (leia e revise com atenção a mensagem antes de enviar).\n2) Não compartilhe links ou aquivo sem ser relacionado ao serviço.\n3) Respeite tudo e todos, e nunca perca sua paciencia aqui, tolerancia 0\n4) Não fale de assuntos diferentes do tema proposto do grupo.\n5) Não chame nenhum adm no privado para suporte, isso é lei se fizer ta fora\n6) Respeite o horário e tenha bom senso nao é 24hrs aqui.\n7) Venceu seu serviço não esta mais ativo, favor sair do grupo so ativos aqui dentro.\n\nObrigado pelo interesse e tenha uma boa estadia."
  },
  {
    "id": "5511949356144-1579760386@g.us",
    "msg": "Olá sou o SKYNERD seja bem vindo(a) ao grupo:#numerodele# \n\n  *Preste atenção nas regras leia o termo.*\n\n*Termo* - https://paste.anasor.com/paste.php?raw&id=18756\n*Regra* - https://paste.anasor.com/paste.php?raw&id=18755\n\n*EVITE MANDE ÁUDIO NO GRUPO, DIGITE OK*\n\n1) Seja objetivo (leia e revise com atenção a mensagem antes de enviar).\n2) Não compartilhe links ou aquivo sem ser relacionado ao serviço.\n3) Respeite tudo e todos, e nunca perca sua paciencia aqui, tolerancia 0\n4) Não fale de assuntos diferentes do tema proposto do grupo.\n5) Não chame nenhum adm no privado para suporte, isso é lei se fizer ta fora\n6) Respeite o horário e tenha bom senso nao é 24hrs aqui.\n7) Venceu seu serviço não esta mais ativo, favor sair do grupo so ativos aqui dentro.\n\n*Obrigado pelo interesse e tenha uma boa estadia.*  \n\n*******************************************************************************************************************"
  },
  {
    "id": "120363043267116658@g.us",
    "msg": "Olá sou o SKYNERD seja bem vindo(a) ao grupo:#numerodele# \n\n  *Preste atenção nas regras leia o termo.*\n\n*Termo* - https://paste.anasor.com/paste.php?raw&id=18756\n*Regra* - https://paste.anasor.com/paste.php?raw&id=18755\n\n*EVITE MANDE ÁUDIO NO GRUPO, DIGITE OK*\n\n1) Seja objetivo (leia e revise com atenção a mensagem antes de enviar).\n2) Não compartilhe links ou aquivo sem ser relacionado ao serviço.\n3) Respeite tudo e todos, e nunca perca sua paciencia aqui, tolerancia 0\n4) Não fale de assuntos diferentes do tema proposto do grupo.\n5) Não chame nenhum adm no privado para suporte, isso é lei se fizer ta fora\n6) Respeite o horário e tenha bom senso nao é 24hrs aqui.\n7) Venceu seu serviço não esta mais ativo, favor sair do grupo so ativos aqui dentro.\n\n*Obrigado pelo interesse e tenha uma boa estadia.*  \n\n*******************************************************************************************************************"
  }
]
